Current_question_number,Guidance_URLs,Edited_question_number
C0.1,http://guidance.cdp.net/en/guidance?ctype=ExternalRef&idtype=RecordExternalRef&cid=C0.1&otype=ORS&incchild=1&microsite=1&gettags=1,C0.1
C0.2,http://guidance.cdp.net/en/guidance?ctype=ExternalRef&idtype=RecordExternalRef&cid=C0.2&otype=ORS&incchild=1&microsite=1&gettags=1,C0.2
C0.3,http://guidance.cdp.net/en/guidance?ctype=ExternalRef&idtype=RecordExternalRef&cid=C0.3&otype=ORS&incchild=1&microsite=1&gettags=1,C0.3
C0.4,http://guidance.cdp.net/en/guidance?ctype=ExternalRef&idtype=RecordExternalRef&cid=C0.4&otype=ORS&incchild=1&microsite=1&gettags=1,C0.4
C0.5,http://guidance.cdp.net/en/guidance?ctype=ExternalRef&idtype=RecordExternalRef&cid=C0.5&otype=ORS&incchild=1&microsite=1&gettags=1,C0.5
C-AC0.6/C-FB0.6/C-PF0.6,http://guidance.cdp.net/en/guidance?ctype=ExternalRef&idtype=RecordExternalRef&cid=C-AC0.6/C-FB0.6/C-PF0.6&otype=ORS&incchild=1&microsite=1&gettags=1,C-AC0.6_C-FB0.6_C-PF0.6
C-AC0.6a/C-FB0.6a/C-PF0.6a,http://guidance.cdp.net/en/guidance?ctype=ExternalRef&idtype=RecordExternalRef&cid=C-AC0.6a/C-FB0.6a/C-PF0.6a&otype=ORS&incchild=1&microsite=1&gettags=1,C-AC0.6a_C-FB0.6a_C-PF0.6a
C-AC0.6b/C-FB0.6b/C-PF0.6b,http://guidance.cdp.net/en/guidance?ctype=ExternalRef&idtype=RecordExternalRef&cid=C-AC0.6b/C-FB0.6b/C-PF0.6b&otype=ORS&incchild=1&microsite=1&gettags=1,C-AC0.6b_C-FB0.6b_C-PF0.6b
C-AC0.6c/C-FB0.6c/C-PF0.6c,http://guidance.cdp.net/en/guidance?ctype=ExternalRef&idtype=RecordExternalRef&cid=C-AC0.6c/C-FB0.6c/C-PF0.6c&otype=ORS&incchild=1&microsite=1&gettags=1,C-AC0.6c_C-FB0.6c_C-PF0.6c
C-AC0.6d/C-FB0.6d/C-PF0.6d,http://guidance.cdp.net/en/guidance?ctype=ExternalRef&idtype=RecordExternalRef&cid=C-AC0.6d/C-FB0.6d/C-PF0.6d&otype=ORS&incchild=1&microsite=1&gettags=1,C-AC0.6d_C-FB0.6d_C-PF0.6d
C-AC0.6e/C-FB0.6e/C-PF0.6e,http://guidance.cdp.net/en/guidance?ctype=ExternalRef&idtype=RecordExternalRef&cid=C-AC0.6e/C-FB0.6e/C-PF0.6e&otype=ORS&incchild=1&microsite=1&gettags=1,C-AC0.6e_C-FB0.6e_C-PF0.6e
C-AC0.6f/C-FB0.6f/C-PF0.6f,http://guidance.cdp.net/en/guidance?ctype=ExternalRef&idtype=RecordExternalRef&cid=C-AC0.6f/C-FB0.6f/C-PF0.6f&otype=ORS&incchild=1&microsite=1&gettags=1,C-AC0.6f_C-FB0.6f_C-PF0.6f
C-AC0.6g/C-FB0.6g/C-PF0.6g,http://guidance.cdp.net/en/guidance?ctype=ExternalRef&idtype=RecordExternalRef&cid=C-AC0.6g/C-FB0.6g/C-PF0.6g&otype=ORS&incchild=1&microsite=1&gettags=1,C-AC0.6g_C-FB0.6g_C-PF0.6g
C-AC0.7/C-FB0.7/C-PF0.7,http://guidance.cdp.net/en/guidance?ctype=ExternalRef&idtype=RecordExternalRef&cid=C-AC0.7/C-FB0.7/C-PF0.7&otype=ORS&incchild=1&microsite=1&gettags=1,C-AC0.7_C-FB0.7_C-PF0.7
C-CE0.7,http://guidance.cdp.net/en/guidance?ctype=ExternalRef&idtype=RecordExternalRef&cid=C-CE0.7&otype=ORS&incchild=1&microsite=1&gettags=1,C-CE0.7
C-CH0.7,http://guidance.cdp.net/en/guidance?ctype=ExternalRef&idtype=RecordExternalRef&cid=C-CH0.7&otype=ORS&incchild=1&microsite=1&gettags=1,C-CH0.7
C-CO0.7,http://guidance.cdp.net/en/guidance?ctype=ExternalRef&idtype=RecordExternalRef&cid=C-CO0.7&otype=ORS&incchild=1&microsite=1&gettags=1,C-CO0.7
C-CN0.7/C-RE0.7,http://guidance.cdp.net/en/guidance?ctype=ExternalRef&idtype=RecordExternalRef&cid=C-CN0.7/C-RE0.7&otype=ORS&incchild=1&microsite=1&gettags=1,C-CN0.7_C-RE0.7
C-EU0.7,http://guidance.cdp.net/en/guidance?ctype=ExternalRef&idtype=RecordExternalRef&cid=C-EU0.7&otype=ORS&incchild=1&microsite=1&gettags=1,C-EU0.7
C-FS0.7,http://guidance.cdp.net/en/guidance?ctype=ExternalRef&idtype=RecordExternalRef&cid=C-FS0.7&otype=ORS&incchild=1&microsite=1&gettags=1,C-FS0.7
C-MM0.7,http://guidance.cdp.net/en/guidance?ctype=ExternalRef&idtype=RecordExternalRef&cid=C-MM0.7&otype=ORS&incchild=1&microsite=1&gettags=1,C-MM0.7
C-OG0.7,http://guidance.cdp.net/en/guidance?ctype=ExternalRef&idtype=RecordExternalRef&cid=C-OG0.7&otype=ORS&incchild=1&microsite=1&gettags=1,C-OG0.7
C-ST0.7,http://guidance.cdp.net/en/guidance?ctype=ExternalRef&idtype=RecordExternalRef&cid=C-ST0.7&otype=ORS&incchild=1&microsite=1&gettags=1,C-ST0.7
C-TO0.7/C-TS0.7,http://guidance.cdp.net/en/guidance?ctype=ExternalRef&idtype=RecordExternalRef&cid=C-TO0.7/C-TS0.7&otype=ORS&incchild=1&microsite=1&gettags=1,C-TO0.7_C-TS0.7
C0.8,http://guidance.cdp.net/en/guidance?ctype=ExternalRef&idtype=RecordExternalRef&cid=C0.8&otype=ORS&incchild=1&microsite=1&gettags=1,C0.8
C1.1,http://guidance.cdp.net/en/guidance?ctype=ExternalRef&idtype=RecordExternalRef&cid=C1.1&otype=ORS&incchild=1&microsite=1&gettags=1,C1.1
C1.1a,http://guidance.cdp.net/en/guidance?ctype=ExternalRef&idtype=RecordExternalRef&cid=C1.1a&otype=ORS&incchild=1&microsite=1&gettags=1,C1.1a
C1.1b,http://guidance.cdp.net/en/guidance?ctype=ExternalRef&idtype=RecordExternalRef&cid=C1.1b&otype=ORS&incchild=1&microsite=1&gettags=1,C1.1b
C1.1c,http://guidance.cdp.net/en/guidance?ctype=ExternalRef&idtype=RecordExternalRef&cid=C1.1c&otype=ORS&incchild=1&microsite=1&gettags=1,C1.1c
C1.1d,http://guidance.cdp.net/en/guidance?ctype=ExternalRef&idtype=RecordExternalRef&cid=C1.1d&otype=ORS&incchild=1&microsite=1&gettags=1,C1.1d
C1.2,http://guidance.cdp.net/en/guidance?ctype=ExternalRef&idtype=RecordExternalRef&cid=C1.2&otype=ORS&incchild=1&microsite=1&gettags=1,C1.2
C1.2a,http://guidance.cdp.net/en/guidance?ctype=ExternalRef&idtype=RecordExternalRef&cid=C1.2a&otype=ORS&incchild=1&microsite=1&gettags=1,C1.2a
C1.3,http://guidance.cdp.net/en/guidance?ctype=ExternalRef&idtype=RecordExternalRef&cid=C1.3&otype=ORS&incchild=1&microsite=1&gettags=1,C1.3
C1.3a,http://guidance.cdp.net/en/guidance?ctype=ExternalRef&idtype=RecordExternalRef&cid=C1.3a&otype=ORS&incchild=1&microsite=1&gettags=1,C1.3a
C-FS1.4,http://guidance.cdp.net/en/guidance?ctype=ExternalRef&idtype=RecordExternalRef&cid=C-FS1.4&otype=ORS&incchild=1&microsite=1&gettags=1,C-FS1.4
C2.1,http://guidance.cdp.net/en/guidance?ctype=ExternalRef&idtype=RecordExternalRef&cid=C2.1&otype=ORS&incchild=1&microsite=1&gettags=1,C2.1
C2.1a,http://guidance.cdp.net/en/guidance?ctype=ExternalRef&idtype=RecordExternalRef&cid=C2.1a&otype=ORS&incchild=1&microsite=1&gettags=1,C2.1a
C2.1b,http://guidance.cdp.net/en/guidance?ctype=ExternalRef&idtype=RecordExternalRef&cid=C2.1b&otype=ORS&incchild=1&microsite=1&gettags=1,C2.1b
C2.2,http://guidance.cdp.net/en/guidance?ctype=ExternalRef&idtype=RecordExternalRef&cid=C2.2&otype=ORS&incchild=1&microsite=1&gettags=1,C2.2
C2.2a,http://guidance.cdp.net/en/guidance?ctype=ExternalRef&idtype=RecordExternalRef&cid=C2.2a&otype=ORS&incchild=1&microsite=1&gettags=1,C2.2a
C-FS2.2b,http://guidance.cdp.net/en/guidance?ctype=ExternalRef&idtype=RecordExternalRef&cid=C-FS2.2b&otype=ORS&incchild=1&microsite=1&gettags=1,C-FS2.2b
C-FS2.2c,http://guidance.cdp.net/en/guidance?ctype=ExternalRef&idtype=RecordExternalRef&cid=C-FS2.2c&otype=ORS&incchild=1&microsite=1&gettags=1,C-FS2.2c
C-FS2.2d,http://guidance.cdp.net/en/guidance?ctype=ExternalRef&idtype=RecordExternalRef&cid=C-FS2.2d&otype=ORS&incchild=1&microsite=1&gettags=1,C-FS2.2d
C-FS2.2e,http://guidance.cdp.net/en/guidance?ctype=ExternalRef&idtype=RecordExternalRef&cid=C-FS2.2e&otype=ORS&incchild=1&microsite=1&gettags=1,C-FS2.2e
C2.2g,http://guidance.cdp.net/en/guidance?ctype=ExternalRef&idtype=RecordExternalRef&cid=C2.2g&otype=ORS&incchild=1&microsite=1&gettags=1,C2.2g
C2.3,http://guidance.cdp.net/en/guidance?ctype=ExternalRef&idtype=RecordExternalRef&cid=C2.3&otype=ORS&incchild=1&microsite=1&gettags=1,C2.3
C2.3a,http://guidance.cdp.net/en/guidance?ctype=ExternalRef&idtype=RecordExternalRef&cid=C2.3a&otype=ORS&incchild=1&microsite=1&gettags=1,C2.3a
C2.3b,http://guidance.cdp.net/en/guidance?ctype=ExternalRef&idtype=RecordExternalRef&cid=C2.3b&otype=ORS&incchild=1&microsite=1&gettags=1,C2.3b
C2.4,http://guidance.cdp.net/en/guidance?ctype=ExternalRef&idtype=RecordExternalRef&cid=C2.4&otype=ORS&incchild=1&microsite=1&gettags=1,C2.4
C2.4a,http://guidance.cdp.net/en/guidance?ctype=ExternalRef&idtype=RecordExternalRef&cid=C2.4a&otype=ORS&incchild=1&microsite=1&gettags=1,C2.4a
C2.4b,http://guidance.cdp.net/en/guidance?ctype=ExternalRef&idtype=RecordExternalRef&cid=C2.4b&otype=ORS&incchild=1&microsite=1&gettags=1,C2.4b
C3.1,http://guidance.cdp.net/en/guidance?ctype=ExternalRef&idtype=RecordExternalRef&cid=C3.1&otype=ORS&incchild=1&microsite=1&gettags=1,C3.1
C3.2,http://guidance.cdp.net/en/guidance?ctype=ExternalRef&idtype=RecordExternalRef&cid=C3.2&otype=ORS&incchild=1&microsite=1&gettags=1,C3.2
C3.2a,http://guidance.cdp.net/en/guidance?ctype=ExternalRef&idtype=RecordExternalRef&cid=C3.2a&otype=ORS&incchild=1&microsite=1&gettags=1,C3.2a
C3.2b,http://guidance.cdp.net/en/guidance?ctype=ExternalRef&idtype=RecordExternalRef&cid=C3.2b&otype=ORS&incchild=1&microsite=1&gettags=1,C3.2b
C3.3,http://guidance.cdp.net/en/guidance?ctype=ExternalRef&idtype=RecordExternalRef&cid=C3.3&otype=ORS&incchild=1&microsite=1&gettags=1,C3.3
C3.4,http://guidance.cdp.net/en/guidance?ctype=ExternalRef&idtype=RecordExternalRef&cid=C3.4&otype=ORS&incchild=1&microsite=1&gettags=1,C3.4
C3.5,http://guidance.cdp.net/en/guidance?ctype=ExternalRef&idtype=RecordExternalRef&cid=C3.5&otype=ORS&incchild=1&microsite=1&gettags=1,C3.5
C3.5a,http://guidance.cdp.net/en/guidance?ctype=ExternalRef&idtype=RecordExternalRef&cid=C3.5a&otype=ORS&incchild=1&microsite=1&gettags=1,C3.5a
C-FS3.6,http://guidance.cdp.net/en/guidance?ctype=ExternalRef&idtype=RecordExternalRef&cid=C-FS3.6&otype=ORS&incchild=1&microsite=1&gettags=1,C-FS3.6
C-FS3.6a,http://guidance.cdp.net/en/guidance?ctype=ExternalRef&idtype=RecordExternalRef&cid=C-FS3.6a&otype=ORS&incchild=1&microsite=1&gettags=1,C-FS3.6a
C-FS3.6b,http://guidance.cdp.net/en/guidance?ctype=ExternalRef&idtype=RecordExternalRef&cid=C-FS3.6b&otype=ORS&incchild=1&microsite=1&gettags=1,C-FS3.6b
C-FS3.6c,http://guidance.cdp.net/en/guidance?ctype=ExternalRef&idtype=RecordExternalRef&cid=C-FS3.6c&otype=ORS&incchild=1&microsite=1&gettags=1,C-FS3.6c
C-FS3.7,http://guidance.cdp.net/en/guidance?ctype=ExternalRef&idtype=RecordExternalRef&cid=C-FS3.7&otype=ORS&incchild=1&microsite=1&gettags=1,C-FS3.7
C-FS3.7a,http://guidance.cdp.net/en/guidance?ctype=ExternalRef&idtype=RecordExternalRef&cid=C-FS3.7a&otype=ORS&incchild=1&microsite=1&gettags=1,C-FS3.7a
C-FS3.8,http://guidance.cdp.net/en/guidance?ctype=ExternalRef&idtype=RecordExternalRef&cid=C-FS3.8&otype=ORS&incchild=1&microsite=1&gettags=1,C-FS3.8
C-FS3.8a,http://guidance.cdp.net/en/guidance?ctype=ExternalRef&idtype=RecordExternalRef&cid=C-FS3.8a&otype=ORS&incchild=1&microsite=1&gettags=1,C-FS3.8a
C4.1,http://guidance.cdp.net/en/guidance?ctype=ExternalRef&idtype=RecordExternalRef&cid=C4.1&otype=ORS&incchild=1&microsite=1&gettags=1,C4.1
C4.1a,http://guidance.cdp.net/en/guidance?ctype=ExternalRef&idtype=RecordExternalRef&cid=C4.1a&otype=ORS&incchild=1&microsite=1&gettags=1,C4.1a
C4.1b,http://guidance.cdp.net/en/guidance?ctype=ExternalRef&idtype=RecordExternalRef&cid=C4.1b&otype=ORS&incchild=1&microsite=1&gettags=1,C4.1b
C4.1c,http://guidance.cdp.net/en/guidance?ctype=ExternalRef&idtype=RecordExternalRef&cid=C4.1c&otype=ORS&incchild=1&microsite=1&gettags=1,C4.1c
C-FS4.1d,http://guidance.cdp.net/en/guidance?ctype=ExternalRef&idtype=RecordExternalRef&cid=C-FS4.1d&otype=ORS&incchild=1&microsite=1&gettags=1,C-FS4.1d
C4.2,http://guidance.cdp.net/en/guidance?ctype=ExternalRef&idtype=RecordExternalRef&cid=C4.2&otype=ORS&incchild=1&microsite=1&gettags=1,C4.2
C4.2a,http://guidance.cdp.net/en/guidance?ctype=ExternalRef&idtype=RecordExternalRef&cid=C4.2a&otype=ORS&incchild=1&microsite=1&gettags=1,C4.2a
C4.2b,http://guidance.cdp.net/en/guidance?ctype=ExternalRef&idtype=RecordExternalRef&cid=C4.2b&otype=ORS&incchild=1&microsite=1&gettags=1,C4.2b
C4.2c,http://guidance.cdp.net/en/guidance?ctype=ExternalRef&idtype=RecordExternalRef&cid=C4.2c&otype=ORS&incchild=1&microsite=1&gettags=1,C4.2c
C-CO4.2d,http://guidance.cdp.net/en/guidance?ctype=ExternalRef&idtype=RecordExternalRef&cid=C-CO4.2d&otype=ORS&incchild=1&microsite=1&gettags=1,C-CO4.2d
C-OG4.2d,http://guidance.cdp.net/en/guidance?ctype=ExternalRef&idtype=RecordExternalRef&cid=C-OG4.2d&otype=ORS&incchild=1&microsite=1&gettags=1,C-OG4.2d
C4.3,http://guidance.cdp.net/en/guidance?ctype=ExternalRef&idtype=RecordExternalRef&cid=C4.3&otype=ORS&incchild=1&microsite=1&gettags=1,C4.3
C4.3a,http://guidance.cdp.net/en/guidance?ctype=ExternalRef&idtype=RecordExternalRef&cid=C4.3a&otype=ORS&incchild=1&microsite=1&gettags=1,C4.3a
C4.3b,http://guidance.cdp.net/en/guidance?ctype=ExternalRef&idtype=RecordExternalRef&cid=C4.3b&otype=ORS&incchild=1&microsite=1&gettags=1,C4.3b
C4.3c,http://guidance.cdp.net/en/guidance?ctype=ExternalRef&idtype=RecordExternalRef&cid=C4.3c&otype=ORS&incchild=1&microsite=1&gettags=1,C4.3c
C4.3d,http://guidance.cdp.net/en/guidance?ctype=ExternalRef&idtype=RecordExternalRef&cid=C4.3d&otype=ORS&incchild=1&microsite=1&gettags=1,C4.3d
C-AC4.4/C-FB4.4/C-PF4.4,http://guidance.cdp.net/en/guidance?ctype=ExternalRef&idtype=RecordExternalRef&cid=C-AC4.4/C-FB4.4/C-PF4.4&otype=ORS&incchild=1&microsite=1&gettags=1,C-AC4.4_C-FB4.4_C-PF4.4
C-AC4.4a/C-FB4.4a/C-PF4.4a,http://guidance.cdp.net/en/guidance?ctype=ExternalRef&idtype=RecordExternalRef&cid=C-AC4.4a/C-FB4.4a/C-PF4.4a&otype=ORS&incchild=1&microsite=1&gettags=1,C-AC4.4a_C-FB4.4a_C-PF4.4a
C4.5,http://guidance.cdp.net/en/guidance?ctype=ExternalRef&idtype=RecordExternalRef&cid=C4.5&otype=ORS&incchild=1&microsite=1&gettags=1,C4.5
C4.5a,http://guidance.cdp.net/en/guidance?ctype=ExternalRef&idtype=RecordExternalRef&cid=C4.5a&otype=ORS&incchild=1&microsite=1&gettags=1,C4.5a
C-FS4.5,http://guidance.cdp.net/en/guidance?ctype=ExternalRef&idtype=RecordExternalRef&cid=C-FS4.5&otype=ORS&incchild=1&microsite=1&gettags=1,C-FS4.5
C-FS4.5a,http://guidance.cdp.net/en/guidance?ctype=ExternalRef&idtype=RecordExternalRef&cid=C-FS4.5a&otype=ORS&incchild=1&microsite=1&gettags=1,C-FS4.5a
C-CO4.6,http://guidance.cdp.net/en/guidance?ctype=ExternalRef&idtype=RecordExternalRef&cid=C-CO4.6&otype=ORS&incchild=1&microsite=1&gettags=1,C-CO4.6
C-EU4.6,http://guidance.cdp.net/en/guidance?ctype=ExternalRef&idtype=RecordExternalRef&cid=C-EU4.6&otype=ORS&incchild=1&microsite=1&gettags=1,C-EU4.6
C-OG4.6,http://guidance.cdp.net/en/guidance?ctype=ExternalRef&idtype=RecordExternalRef&cid=C-OG4.6&otype=ORS&incchild=1&microsite=1&gettags=1,C-OG4.6
C-CO4.7,http://guidance.cdp.net/en/guidance?ctype=ExternalRef&idtype=RecordExternalRef&cid=C-CO4.7&otype=ORS&incchild=1&microsite=1&gettags=1,C-CO4.7
C-OG4.7,http://guidance.cdp.net/en/guidance?ctype=ExternalRef&idtype=RecordExternalRef&cid=C-OG4.7&otype=ORS&incchild=1&microsite=1&gettags=1,C-OG4.7
C-CO4.7a,http://guidance.cdp.net/en/guidance?ctype=ExternalRef&idtype=RecordExternalRef&cid=C-CO4.7a&otype=ORS&incchild=1&microsite=1&gettags=1,C-CO4.7a
C-OG4.7a,http://guidance.cdp.net/en/guidance?ctype=ExternalRef&idtype=RecordExternalRef&cid=C-OG4.7a&otype=ORS&incchild=1&microsite=1&gettags=1,C-OG4.7a
C-CO4.7b,http://guidance.cdp.net/en/guidance?ctype=ExternalRef&idtype=RecordExternalRef&cid=C-CO4.7b&otype=ORS&incchild=1&microsite=1&gettags=1,C-CO4.7b
C-OG4.7b,http://guidance.cdp.net/en/guidance?ctype=ExternalRef&idtype=RecordExternalRef&cid=C-OG4.7b&otype=ORS&incchild=1&microsite=1&gettags=1,C-OG4.7b
C-CO4.8,http://guidance.cdp.net/en/guidance?ctype=ExternalRef&idtype=RecordExternalRef&cid=C-CO4.8&otype=ORS&incchild=1&microsite=1&gettags=1,C-CO4.8
C-OG4.8,http://guidance.cdp.net/en/guidance?ctype=ExternalRef&idtype=RecordExternalRef&cid=C-OG4.8&otype=ORS&incchild=1&microsite=1&gettags=1,C-OG4.8
C-CE4.9,http://guidance.cdp.net/en/guidance?ctype=ExternalRef&idtype=RecordExternalRef&cid=C-CE4.9&otype=ORS&incchild=1&microsite=1&gettags=1,C-CE4.9
C-ST4.9,http://guidance.cdp.net/en/guidance?ctype=ExternalRef&idtype=RecordExternalRef&cid=C-ST4.9&otype=ORS&incchild=1&microsite=1&gettags=1,C-ST4.9
C5.1,http://guidance.cdp.net/en/guidance?ctype=ExternalRef&idtype=RecordExternalRef&cid=C5.1&otype=ORS&incchild=1&microsite=1&gettags=1,C5.1
C5.1a,http://guidance.cdp.net/en/guidance?ctype=ExternalRef&idtype=RecordExternalRef&cid=C5.1a&otype=ORS&incchild=1&microsite=1&gettags=1,C5.1a
C5.1b,http://guidance.cdp.net/en/guidance?ctype=ExternalRef&idtype=RecordExternalRef&cid=C5.1b&otype=ORS&incchild=1&microsite=1&gettags=1,C5.1b
C5.1c,http://guidance.cdp.net/en/guidance?ctype=ExternalRef&idtype=RecordExternalRef&cid=C5.1c&otype=ORS&incchild=1&microsite=1&gettags=1,C5.1c
C5.2,http://guidance.cdp.net/en/guidance?ctype=ExternalRef&idtype=RecordExternalRef&cid=C5.2&otype=ORS&incchild=1&microsite=1&gettags=1,C5.2
C5.3,http://guidance.cdp.net/en/guidance?ctype=ExternalRef&idtype=RecordExternalRef&cid=C5.3&otype=ORS&incchild=1&microsite=1&gettags=1,C5.3
C6.1,http://guidance.cdp.net/en/guidance?ctype=ExternalRef&idtype=RecordExternalRef&cid=C6.1&otype=ORS&incchild=1&microsite=1&gettags=1,C6.1
C6.2,http://guidance.cdp.net/en/guidance?ctype=ExternalRef&idtype=RecordExternalRef&cid=C6.2&otype=ORS&incchild=1&microsite=1&gettags=1,C6.2
C6.3,http://guidance.cdp.net/en/guidance?ctype=ExternalRef&idtype=RecordExternalRef&cid=C6.3&otype=ORS&incchild=1&microsite=1&gettags=1,C6.3
C6.4,http://guidance.cdp.net/en/guidance?ctype=ExternalRef&idtype=RecordExternalRef&cid=C6.4&otype=ORS&incchild=1&microsite=1&gettags=1,C6.4
C6.4a,http://guidance.cdp.net/en/guidance?ctype=ExternalRef&idtype=RecordExternalRef&cid=C6.4a&otype=ORS&incchild=1&microsite=1&gettags=1,C6.4a
C6.5,http://guidance.cdp.net/en/guidance?ctype=ExternalRef&idtype=RecordExternalRef&cid=C6.5&otype=ORS&incchild=1&microsite=1&gettags=1,C6.5
C6.5a,http://guidance.cdp.net/en/guidance?ctype=ExternalRef&idtype=RecordExternalRef&cid=C6.5a&otype=ORS&incchild=1&microsite=1&gettags=1,C6.5a
C-CG6.6,http://guidance.cdp.net/en/guidance?ctype=ExternalRef&idtype=RecordExternalRef&cid=C-CG6.6&otype=ORS&incchild=1&microsite=1&gettags=1,C-CG6.6
C-CG6.6a,http://guidance.cdp.net/en/guidance?ctype=ExternalRef&idtype=RecordExternalRef&cid=C-CG6.6a&otype=ORS&incchild=1&microsite=1&gettags=1,C-CG6.6a
C-CN6.6/C-RE6.6,http://guidance.cdp.net/en/guidance?ctype=ExternalRef&idtype=RecordExternalRef&cid=C-CN6.6/C-RE6.6&otype=ORS&incchild=1&microsite=1&gettags=1,C-CN6.6_C-RE6.6
C-CN6.6a/C-RE6.6a,http://guidance.cdp.net/en/guidance?ctype=ExternalRef&idtype=RecordExternalRef&cid=C-CN6.6a/C-RE6.6a&otype=ORS&incchild=1&microsite=1&gettags=1,C-CN6.6a_C-RE6.6a
C-CN6.6b/C-RE6.6b,http://guidance.cdp.net/en/guidance?ctype=ExternalRef&idtype=RecordExternalRef&cid=C-CN6.6b/C-RE6.6b&otype=ORS&incchild=1&microsite=1&gettags=1,C-CN6.6b_C-RE6.6b
C-CN6.6c/C-RE6.6c,http://guidance.cdp.net/en/guidance?ctype=ExternalRef&idtype=RecordExternalRef&cid=C-CN6.6c/C-RE6.6c&otype=ORS&incchild=1&microsite=1&gettags=1,C-CN6.6c_C-RE6.6c
C6.7,http://guidance.cdp.net/en/guidance?ctype=ExternalRef&idtype=RecordExternalRef&cid=C6.7&otype=ORS&incchild=1&microsite=1&gettags=1,C6.7
C6.7a,http://guidance.cdp.net/en/guidance?ctype=ExternalRef&idtype=RecordExternalRef&cid=C6.7a&otype=ORS&incchild=1&microsite=1&gettags=1,C6.7a
C-AC6.8/C-FB6.8/C-PF6.8,http://guidance.cdp.net/en/guidance?ctype=ExternalRef&idtype=RecordExternalRef&cid=C-AC6.8/C-FB6.8/C-PF6.8&otype=ORS&incchild=1&microsite=1&gettags=1,C-AC6.8_C-FB6.8_C-PF6.8
C-AC6.8a/C-FB6.8a/C-PF6.8a,http://guidance.cdp.net/en/guidance?ctype=ExternalRef&idtype=RecordExternalRef&cid=C-AC6.8a/C-FB6.8a/C-PF6.8a&otype=ORS&incchild=1&microsite=1&gettags=1,C-AC6.8a_C-FB6.8a_C-PF6.8a
C-AC6.9/C-FB6.9/C-PF6.9,http://guidance.cdp.net/en/guidance?ctype=ExternalRef&idtype=RecordExternalRef&cid=C-AC6.9/C-FB6.9/C-PF6.9&otype=ORS&incchild=1&microsite=1&gettags=1,C-AC6.9_C-FB6.9_C-PF6.9
C-AC6.9a/C-FB6.9a/C-PF6.9a,http://guidance.cdp.net/en/guidance?ctype=ExternalRef&idtype=RecordExternalRef&cid=C-AC6.9a/C-FB6.9a/C-PF6.9a&otype=ORS&incchild=1&microsite=1&gettags=1,C-AC6.9a_C-FB6.9a_C-PF6.9a
C6.10,http://guidance.cdp.net/en/guidance?ctype=ExternalRef&idtype=RecordExternalRef&cid=C6.10&otype=ORS&incchild=1&microsite=1&gettags=1,C6.10
C-CE6.11,http://guidance.cdp.net/en/guidance?ctype=ExternalRef&idtype=RecordExternalRef&cid=C-CE6.11&otype=ORS&incchild=1&microsite=1&gettags=1,C-CE6.11
C-OG6.12,http://guidance.cdp.net/en/guidance?ctype=ExternalRef&idtype=RecordExternalRef&cid=C-OG6.12&otype=ORS&incchild=1&microsite=1&gettags=1,C-OG6.12
C-OG6.13,http://guidance.cdp.net/en/guidance?ctype=ExternalRef&idtype=RecordExternalRef&cid=C-OG6.13&otype=ORS&incchild=1&microsite=1&gettags=1,C-OG6.13
C-ST6.14,http://guidance.cdp.net/en/guidance?ctype=ExternalRef&idtype=RecordExternalRef&cid=C-ST6.14&otype=ORS&incchild=1&microsite=1&gettags=1,C-ST6.14
C-TS6.15,http://guidance.cdp.net/en/guidance?ctype=ExternalRef&idtype=RecordExternalRef&cid=C-TS6.15&otype=ORS&incchild=1&microsite=1&gettags=1,C-TS6.15
C7.1,http://guidance.cdp.net/en/guidance?ctype=ExternalRef&idtype=RecordExternalRef&cid=C7.1&otype=ORS&incchild=1&microsite=1&gettags=1,C7.1
C7.1a,http://guidance.cdp.net/en/guidance?ctype=ExternalRef&idtype=RecordExternalRef&cid=C7.1a&otype=ORS&incchild=1&microsite=1&gettags=1,C7.1a
C-CO7.1b,http://guidance.cdp.net/en/guidance?ctype=ExternalRef&idtype=RecordExternalRef&cid=C-CO7.1b&otype=ORS&incchild=1&microsite=1&gettags=1,C-CO7.1b
C-EU7.1b,http://guidance.cdp.net/en/guidance?ctype=ExternalRef&idtype=RecordExternalRef&cid=C-EU7.1b&otype=ORS&incchild=1&microsite=1&gettags=1,C-EU7.1b
C-OG7.1b,http://guidance.cdp.net/en/guidance?ctype=ExternalRef&idtype=RecordExternalRef&cid=C-OG7.1b&otype=ORS&incchild=1&microsite=1&gettags=1,C-OG7.1b
C7.2,http://guidance.cdp.net/en/guidance?ctype=ExternalRef&idtype=RecordExternalRef&cid=C7.2&otype=ORS&incchild=1&microsite=1&gettags=1,C7.2
C7.3,http://guidance.cdp.net/en/guidance?ctype=ExternalRef&idtype=RecordExternalRef&cid=C7.3&otype=ORS&incchild=1&microsite=1&gettags=1,C7.3
C7.3a,http://guidance.cdp.net/en/guidance?ctype=ExternalRef&idtype=RecordExternalRef&cid=C7.3a&otype=ORS&incchild=1&microsite=1&gettags=1,C7.3a
C7.3b,http://guidance.cdp.net/en/guidance?ctype=ExternalRef&idtype=RecordExternalRef&cid=C7.3b&otype=ORS&incchild=1&microsite=1&gettags=1,C7.3b
C7.3c,http://guidance.cdp.net/en/guidance?ctype=ExternalRef&idtype=RecordExternalRef&cid=C7.3c&otype=ORS&incchild=1&microsite=1&gettags=1,C7.3c
C-AC7.4/C-FB7.4/C-PF7.4,http://guidance.cdp.net/en/guidance?ctype=ExternalRef&idtype=RecordExternalRef&cid=C-AC7.4/C-FB7.4/C-PF7.4&otype=ORS&incchild=1&microsite=1&gettags=1,C-AC7.4_C-FB7.4_C-PF7.4
C-CE7.4/C-CH7.4/C-CO7.4/C-EU7.4/C-MM7.4/C-OG7.4/C-ST7.4/C-TO7.4/C-TS7.4,https://guidance.cdp.net/en/guidance?ctype=ExternalRef&idtype=RecordExternalRef&cid=C-CE/CH/CO/EU/MM/OG/ST/TO/TS7.4&otype=ORS&incchild=1&microsite=1&gettags=1,C-CE7.4_C-CH7.4_C-CO7.4_C-EU7.4_C-MM7.4_C-OG7.4_C-ST7.4_C-TO7.4_C-TS7.4
C-AC7.4a/C-FB7.4a/C-PF7.4a,http://guidance.cdp.net/en/guidance?ctype=ExternalRef&idtype=RecordExternalRef&cid=C-AC7.4a/C-FB7.4a/C-PF7.4a&otype=ORS&incchild=1&microsite=1&gettags=1,C-AC7.4a_C-FB7.4a_C-PF7.4a
C-AC7.4b/C-FB7.4b/C-PF7.4b,http://guidance.cdp.net/en/guidance?ctype=ExternalRef&idtype=RecordExternalRef&cid=C-AC7.4b/C-FB7.4b/C-PF7.4b&otype=ORS&incchild=1&microsite=1&gettags=1,C-AC7.4b_C-FB7.4b_C-PF7.4b
C-AC7.4c/C-FB7.4c/C-PF7.4c,http://guidance.cdp.net/en/guidance?ctype=ExternalRef&idtype=RecordExternalRef&cid=C-AC7.4c/C-FB7.4c/C-PF7.4c&otype=ORS&incchild=1&microsite=1&gettags=1,C-AC7.4c_C-FB7.4c_C-PF7.4c
C7.5,http://guidance.cdp.net/en/guidance?ctype=ExternalRef&idtype=RecordExternalRef&cid=C7.5&otype=ORS&incchild=1&microsite=1&gettags=1,C7.5
C7.6,http://guidance.cdp.net/en/guidance?ctype=ExternalRef&idtype=RecordExternalRef&cid=C7.6&otype=ORS&incchild=1&microsite=1&gettags=1,C7.6
C7.6a,http://guidance.cdp.net/en/guidance?ctype=ExternalRef&idtype=RecordExternalRef&cid=C7.6a&otype=ORS&incchild=1&microsite=1&gettags=1,C7.6a
C7.6b,http://guidance.cdp.net/en/guidance?ctype=ExternalRef&idtype=RecordExternalRef&cid=C7.6b&otype=ORS&incchild=1&microsite=1&gettags=1,C7.6b
C7.6c,http://guidance.cdp.net/en/guidance?ctype=ExternalRef&idtype=RecordExternalRef&cid=C7.6c&otype=ORS&incchild=1&microsite=1&gettags=1,C7.6c
C-CE7.7/C-CH7.7/C-CO7.7/C-MM7.7/C-OG7.7/C-ST7.7/C-TO7.7/C-TS7.7,https://guidance.cdp.net/en/guidance?ctype=ExternalRef&idtype=RecordExternalRef&cid=C-CE/CH/CO/MM/OG/ST/TO/TS7.7&otype=ORS&incchild=1&microsite=1&gettags=1,C-CE7.7_C-CH7.7_C-CO7.7_C-MM7.7_C-OG7.7_C-ST7.7_C-TO7.7_C-TS7.7
C-CH7.8,http://guidance.cdp.net/en/guidance?ctype=ExternalRef&idtype=RecordExternalRef&cid=C-CH7.8&otype=ORS&incchild=1&microsite=1&gettags=1,C-CH7.8
C-TO7.8,http://guidance.cdp.net/en/guidance?ctype=ExternalRef&idtype=RecordExternalRef&cid=C-TO7.8&otype=ORS&incchild=1&microsite=1&gettags=1,C-TO7.8
C-CH7.8a,http://guidance.cdp.net/en/guidance?ctype=ExternalRef&idtype=RecordExternalRef&cid=C-CH7.8a&otype=ORS&incchild=1&microsite=1&gettags=1,C-CH7.8a
C7.9,http://guidance.cdp.net/en/guidance?ctype=ExternalRef&idtype=RecordExternalRef&cid=C7.9&otype=ORS&incchild=1&microsite=1&gettags=1,C7.9
C7.9a,http://guidance.cdp.net/en/guidance?ctype=ExternalRef&idtype=RecordExternalRef&cid=C7.9a&otype=ORS&incchild=1&microsite=1&gettags=1,C7.9a
C7.9b,http://guidance.cdp.net/en/guidance?ctype=ExternalRef&idtype=RecordExternalRef&cid=C7.9b&otype=ORS&incchild=1&microsite=1&gettags=1,C7.9b
C-CG7.10,http://guidance.cdp.net/en/guidance?ctype=ExternalRef&idtype=RecordExternalRef&cid=C-CG7.10&otype=ORS&incchild=1&microsite=1&gettags=1,C-CG7.10
C-CG7.10a,http://guidance.cdp.net/en/guidance?ctype=ExternalRef&idtype=RecordExternalRef&cid=C-CG7.10a&otype=ORS&incchild=1&microsite=1&gettags=1,C-CG7.10a
C8.1,http://guidance.cdp.net/en/guidance?ctype=ExternalRef&idtype=RecordExternalRef&cid=C8.1&otype=ORS&incchild=1&microsite=1&gettags=1,C8.1
C8.2,http://guidance.cdp.net/en/guidance?ctype=ExternalRef&idtype=RecordExternalRef&cid=C8.2&otype=ORS&incchild=1&microsite=1&gettags=1,C8.2
C8.2a,http://guidance.cdp.net/en/guidance?ctype=ExternalRef&idtype=RecordExternalRef&cid=C8.2a&otype=ORS&incchild=1&microsite=1&gettags=1,C8.2a
C-CE8.2a,http://guidance.cdp.net/en/guidance?ctype=ExternalRef&idtype=RecordExternalRef&cid=C-CE8.2a&otype=ORS&incchild=1&microsite=1&gettags=1,C-CE8.2a
C-CH8.2a,http://guidance.cdp.net/en/guidance?ctype=ExternalRef&idtype=RecordExternalRef&cid=C-CH8.2a&otype=ORS&incchild=1&microsite=1&gettags=1,C-CH8.2a
C-MM8.2a,http://guidance.cdp.net/en/guidance?ctype=ExternalRef&idtype=RecordExternalRef&cid=C-MM8.2a&otype=ORS&incchild=1&microsite=1&gettags=1,C-MM8.2a
C-ST8.2a,http://guidance.cdp.net/en/guidance?ctype=ExternalRef&idtype=RecordExternalRef&cid=C-ST8.2a&otype=ORS&incchild=1&microsite=1&gettags=1,C-ST8.2a
C8.2b,http://guidance.cdp.net/en/guidance?ctype=ExternalRef&idtype=RecordExternalRef&cid=C8.2b&otype=ORS&incchild=1&microsite=1&gettags=1,C8.2b
C8.2c,http://guidance.cdp.net/en/guidance?ctype=ExternalRef&idtype=RecordExternalRef&cid=C8.2c&otype=ORS&incchild=1&microsite=1&gettags=1,C8.2c
C-CE8.2c,http://guidance.cdp.net/en/guidance?ctype=ExternalRef&idtype=RecordExternalRef&cid=C-CE8.2c&otype=ORS&incchild=1&microsite=1&gettags=1,C-CE8.2c
C8.2d,http://guidance.cdp.net/en/guidance?ctype=ExternalRef&idtype=RecordExternalRef&cid=C8.2d&otype=ORS&incchild=1&microsite=1&gettags=1,C8.2d
C-CE8.2d,http://guidance.cdp.net/en/guidance?ctype=ExternalRef&idtype=RecordExternalRef&cid=C-CE8.2d&otype=ORS&incchild=1&microsite=1&gettags=1,C-CE8.2d
C-CH8.2d,http://guidance.cdp.net/en/guidance?ctype=ExternalRef&idtype=RecordExternalRef&cid=C-CH8.2d&otype=ORS&incchild=1&microsite=1&gettags=1,C-CH8.2d
C-EU8.2d,http://guidance.cdp.net/en/guidance?ctype=ExternalRef&idtype=RecordExternalRef&cid=C-EU8.2d&otype=ORS&incchild=1&microsite=1&gettags=1,C-EU8.2d
C-MM8.2d,http://guidance.cdp.net/en/guidance?ctype=ExternalRef&idtype=RecordExternalRef&cid=C-MM8.2d&otype=ORS&incchild=1&microsite=1&gettags=1,C-MM8.2d
C-ST8.2d,http://guidance.cdp.net/en/guidance?ctype=ExternalRef&idtype=RecordExternalRef&cid=C-ST8.2d&otype=ORS&incchild=1&microsite=1&gettags=1,C-ST8.2d
C8.2e,http://guidance.cdp.net/en/guidance?ctype=ExternalRef&idtype=RecordExternalRef&cid=C8.2e&otype=ORS&incchild=1&microsite=1&gettags=1,C8.2e
C-TS8.2f,http://guidance.cdp.net/en/guidance?ctype=ExternalRef&idtype=RecordExternalRef&cid=C-TS8.2f&otype=ORS&incchild=1&microsite=1&gettags=1,C-TS8.2f
C8.2g,http://guidance.cdp.net/en/guidance?ctype=ExternalRef&idtype=RecordExternalRef&cid=C8.2g&otype=ORS&incchild=1&microsite=1&gettags=1,C8.2g
C8.2h,http://guidance.cdp.net/en/guidance?ctype=ExternalRef&idtype=RecordExternalRef&cid=C8.2h&otype=ORS&incchild=1&microsite=1&gettags=1,C8.2h
C8.2i,http://guidance.cdp.net/en/guidance?ctype=ExternalRef&idtype=RecordExternalRef&cid=C8.2i&otype=ORS&incchild=1&microsite=1&gettags=1,C8.2i
C8.2j,http://guidance.cdp.net/en/guidance?ctype=ExternalRef&idtype=RecordExternalRef&cid=C8.2j&otype=ORS&incchild=1&microsite=1&gettags=1,C8.2j
C8.2k,http://guidance.cdp.net/en/guidance?ctype=ExternalRef&idtype=RecordExternalRef&cid=C8.2k&otype=ORS&incchild=1&microsite=1&gettags=1,C8.2k
C8.2l,http://guidance.cdp.net/en/guidance?ctype=ExternalRef&idtype=RecordExternalRef&cid=C8.2l&otype=ORS&incchild=1&microsite=1&gettags=1,C8.2l
C8.2m,http://guidance.cdp.net/en/guidance?ctype=ExternalRef&idtype=RecordExternalRef&cid=C8.2m&otype=ORS&incchild=1&microsite=1&gettags=1,C8.2m
C-CH8.3,http://guidance.cdp.net/en/guidance?ctype=ExternalRef&idtype=RecordExternalRef&cid=C-CH8.3&otype=ORS&incchild=1&microsite=1&gettags=1,C-CH8.3
C-CH8.3a,http://guidance.cdp.net/en/guidance?ctype=ExternalRef&idtype=RecordExternalRef&cid=C-CH8.3a&otype=ORS&incchild=1&microsite=1&gettags=1,C-CH8.3a
C-CH8.3b,http://guidance.cdp.net/en/guidance?ctype=ExternalRef&idtype=RecordExternalRef&cid=C-CH8.3b&otype=ORS&incchild=1&microsite=1&gettags=1,C-CH8.3b
C-ST8.3,http://guidance.cdp.net/en/guidance?ctype=ExternalRef&idtype=RecordExternalRef&cid=C-ST8.3&otype=ORS&incchild=1&microsite=1&gettags=1,C-ST8.3
C-EU8.4,http://guidance.cdp.net/en/guidance?ctype=ExternalRef&idtype=RecordExternalRef&cid=C-EU8.4&otype=ORS&incchild=1&microsite=1&gettags=1,C-EU8.4
C-EU8.4a,http://guidance.cdp.net/en/guidance?ctype=ExternalRef&idtype=RecordExternalRef&cid=C-EU8.4a&otype=ORS&incchild=1&microsite=1&gettags=1,C-EU8.4a
C-CG8.5,http://guidance.cdp.net/en/guidance?ctype=ExternalRef&idtype=RecordExternalRef&cid=C-CG8.5&otype=ORS&incchild=1&microsite=1&gettags=1,C-CG8.5
C-CG8.5a,http://guidance.cdp.net/en/guidance?ctype=ExternalRef&idtype=RecordExternalRef&cid=C-CG8.5a&otype=ORS&incchild=1&microsite=1&gettags=1,C-CG8.5a
C-TO8.5,http://guidance.cdp.net/en/guidance?ctype=ExternalRef&idtype=RecordExternalRef&cid=C-TO8.5&otype=ORS&incchild=1&microsite=1&gettags=1,C-TO8.5
C-TS8.5,http://guidance.cdp.net/en/guidance?ctype=ExternalRef&idtype=RecordExternalRef&cid=C-TS8.5&otype=ORS&incchild=1&microsite=1&gettags=1,C-TS8.5
C9.1,http://guidance.cdp.net/en/guidance?ctype=ExternalRef&idtype=RecordExternalRef&cid=C9.1&otype=ORS&incchild=1&microsite=1&gettags=1,C9.1
C-CO9.2a,http://guidance.cdp.net/en/guidance?ctype=ExternalRef&idtype=RecordExternalRef&cid=C-CO9.2a&otype=ORS&incchild=1&microsite=1&gettags=1,C-CO9.2a
C-OG9.2a,http://guidance.cdp.net/en/guidance?ctype=ExternalRef&idtype=RecordExternalRef&cid=C-OG9.2a&otype=ORS&incchild=1&microsite=1&gettags=1,C-OG9.2a
C-CO9.2b,http://guidance.cdp.net/en/guidance?ctype=ExternalRef&idtype=RecordExternalRef&cid=C-CO9.2b&otype=ORS&incchild=1&microsite=1&gettags=1,C-CO9.2b
C-OG9.2b,http://guidance.cdp.net/en/guidance?ctype=ExternalRef&idtype=RecordExternalRef&cid=C-OG9.2b&otype=ORS&incchild=1&microsite=1&gettags=1,C-OG9.2b
C-OG9.2c,http://guidance.cdp.net/en/guidance?ctype=ExternalRef&idtype=RecordExternalRef&cid=C-OG9.2c&otype=ORS&incchild=1&microsite=1&gettags=1,C-OG9.2c
C-OG9.2d,http://guidance.cdp.net/en/guidance?ctype=ExternalRef&idtype=RecordExternalRef&cid=C-OG9.2d&otype=ORS&incchild=1&microsite=1&gettags=1,C-OG9.2d
C-OG9.2e,http://guidance.cdp.net/en/guidance?ctype=ExternalRef&idtype=RecordExternalRef&cid=C-OG9.2e&otype=ORS&incchild=1&microsite=1&gettags=1,C-OG9.2e
C-TO9.3/C-TS9.3,http://guidance.cdp.net/en/guidance?ctype=ExternalRef&idtype=RecordExternalRef&cid=C-TO9.3/C-TS9.3&otype=ORS&incchild=1&microsite=1&gettags=1,C-TO9.3_C-TS9.3
C-CH9.3a,http://guidance.cdp.net/en/guidance?ctype=ExternalRef&idtype=RecordExternalRef&cid=C-CH9.3a&otype=ORS&incchild=1&microsite=1&gettags=1,C-CH9.3a
C-CO9.3a,http://guidance.cdp.net/en/guidance?ctype=ExternalRef&idtype=RecordExternalRef&cid=C-CO9.3a&otype=ORS&incchild=1&microsite=1&gettags=1,C-CO9.3a
C-MM9.3a,http://guidance.cdp.net/en/guidance?ctype=ExternalRef&idtype=RecordExternalRef&cid=C-MM9.3a&otype=ORS&incchild=1&microsite=1&gettags=1,C-MM9.3a
C-OG9.3a,http://guidance.cdp.net/en/guidance?ctype=ExternalRef&idtype=RecordExternalRef&cid=C-OG9.3a&otype=ORS&incchild=1&microsite=1&gettags=1,C-OG9.3a
C-ST9.3a,http://guidance.cdp.net/en/guidance?ctype=ExternalRef&idtype=RecordExternalRef&cid=C-ST9.3a&otype=ORS&incchild=1&microsite=1&gettags=1,C-ST9.3a
C-CO9.3b,http://guidance.cdp.net/en/guidance?ctype=ExternalRef&idtype=RecordExternalRef&cid=C-CO9.3b&otype=ORS&incchild=1&microsite=1&gettags=1,C-CO9.3b
C-MM9.3b,http://guidance.cdp.net/en/guidance?ctype=ExternalRef&idtype=RecordExternalRef&cid=C-MM9.3b&otype=ORS&incchild=1&microsite=1&gettags=1,C-MM9.3b
C-OG9.3b,http://guidance.cdp.net/en/guidance?ctype=ExternalRef&idtype=RecordExternalRef&cid=C-OG9.3b&otype=ORS&incchild=1&microsite=1&gettags=1,C-OG9.3b
C-ST9.3b,http://guidance.cdp.net/en/guidance?ctype=ExternalRef&idtype=RecordExternalRef&cid=C-ST9.3b&otype=ORS&incchild=1&microsite=1&gettags=1,C-ST9.3b
C-OG9.3c,http://guidance.cdp.net/en/guidance?ctype=ExternalRef&idtype=RecordExternalRef&cid=C-OG9.3c&otype=ORS&incchild=1&microsite=1&gettags=1,C-OG9.3c
C-OG9.3d,http://guidance.cdp.net/en/guidance?ctype=ExternalRef&idtype=RecordExternalRef&cid=C-OG9.3d&otype=ORS&incchild=1&microsite=1&gettags=1,C-OG9.3d
C-OG9.3e,http://guidance.cdp.net/en/guidance?ctype=ExternalRef&idtype=RecordExternalRef&cid=C-OG9.3e&otype=ORS&incchild=1&microsite=1&gettags=1,C-OG9.3e
C-CO9.4a,http://guidance.cdp.net/en/guidance?ctype=ExternalRef&idtype=RecordExternalRef&cid=C-CO9.4a&otype=ORS&incchild=1&microsite=1&gettags=1,C-CO9.4a
C-EU9.5a,http://guidance.cdp.net/en/guidance?ctype=ExternalRef&idtype=RecordExternalRef&cid=C-EU9.5a&otype=ORS&incchild=1&microsite=1&gettags=1,C-EU9.5a
C-EU9.5b,http://guidance.cdp.net/en/guidance?ctype=ExternalRef&idtype=RecordExternalRef&cid=C-EU9.5b&otype=ORS&incchild=1&microsite=1&gettags=1,C-EU9.5b
C-CE9.6/C-CG9.6/C-CH9.6/C-CN9.6/C-CO9.6/C-EU9.6/C-MM9.6/C-OG9.6/C-RE9.6/C-ST9.6/C-TO9.6/C-TS9.6,https://guidance.cdp.net/en/guidance?ctype=ExternalRef&idtype=RecordExternalRef&cid=C-CE/CG/CH/CN/CO/EU/MM/OG/RE/ST/TO/TS9.6&otype=ORS&incchild=1&microsite=1&gettags=1,C-CE9.6_C-CG9.6_C-CH9.6_C-CN9.6_C-CO9.6_C-EU9.6_C-MM9.6_C-OG9.6_C-RE9.6_C-ST9.6_C-TO9.6_C-TS9.6
C-CE9.6a,http://guidance.cdp.net/en/guidance?ctype=ExternalRef&idtype=RecordExternalRef&cid=C-CE9.6a&otype=ORS&incchild=1&microsite=1&gettags=1,C-CE9.6a
C-CG9.6a,http://guidance.cdp.net/en/guidance?ctype=ExternalRef&idtype=RecordExternalRef&cid=C-CG9.6a&otype=ORS&incchild=1&microsite=1&gettags=1,C-CG9.6a
C-CH9.6a,http://guidance.cdp.net/en/guidance?ctype=ExternalRef&idtype=RecordExternalRef&cid=C-CH9.6a&otype=ORS&incchild=1&microsite=1&gettags=1,C-CH9.6a
C-CN9.6a/C-RE9.6a,http://guidance.cdp.net/en/guidance?ctype=ExternalRef&idtype=RecordExternalRef&cid=C-CN9.6a/C-RE9.6a&otype=ORS&incchild=1&microsite=1&gettags=1,C-CN9.6a_C-RE9.6a
C-CO9.6a/C-EU9.6a/C-OG9.6a,http://guidance.cdp.net/en/guidance?ctype=ExternalRef&idtype=RecordExternalRef&cid=C-CO9.6a/C-EU9.6a/C-OG9.6a&otype=ORS&incchild=1&microsite=1&gettags=1,C-CO9.6a_C-EU9.6a_C-OG9.6a
C-MM9.6a,http://guidance.cdp.net/en/guidance?ctype=ExternalRef&idtype=RecordExternalRef&cid=C-MM9.6a&otype=ORS&incchild=1&microsite=1&gettags=1,C-MM9.6a
C-ST9.6a,http://guidance.cdp.net/en/guidance?ctype=ExternalRef&idtype=RecordExternalRef&cid=C-ST9.6a&otype=ORS&incchild=1&microsite=1&gettags=1,C-ST9.6a
C-TO9.6a/C-TS9.6a,http://guidance.cdp.net/en/guidance?ctype=ExternalRef&idtype=RecordExternalRef&cid=C-TO9.6a/C-TS9.6a&otype=ORS&incchild=1&microsite=1&gettags=1,C-TO9.6a_C-TS9.6a
C-OG9.7,http://guidance.cdp.net/en/guidance?ctype=ExternalRef&idtype=RecordExternalRef&cid=C-OG9.7&otype=ORS&incchild=1&microsite=1&gettags=1,C-OG9.7
C-OG9.8,http://guidance.cdp.net/en/guidance?ctype=ExternalRef&idtype=RecordExternalRef&cid=C-OG9.8&otype=ORS&incchild=1&microsite=1&gettags=1,C-OG9.8
C-OG9.8a,http://guidance.cdp.net/en/guidance?ctype=ExternalRef&idtype=RecordExternalRef&cid=C-OG9.8a&otype=ORS&incchild=1&microsite=1&gettags=1,C-OG9.8a
C-OG9.8b,http://guidance.cdp.net/en/guidance?ctype=ExternalRef&idtype=RecordExternalRef&cid=C-OG9.8b&otype=ORS&incchild=1&microsite=1&gettags=1,C-OG9.8b
C-OG9.8c,http://guidance.cdp.net/en/guidance?ctype=ExternalRef&idtype=RecordExternalRef&cid=C-OG9.8c&otype=ORS&incchild=1&microsite=1&gettags=1,C-OG9.8c
C-RE9.9,http://guidance.cdp.net/en/guidance?ctype=ExternalRef&idtype=RecordExternalRef&cid=C-RE9.9&otype=ORS&incchild=1&microsite=1&gettags=1,C-RE9.9
C-RE9.9a,http://guidance.cdp.net/en/guidance?ctype=ExternalRef&idtype=RecordExternalRef&cid=C-RE9.9a&otype=ORS&incchild=1&microsite=1&gettags=1,C-RE9.9a
C-CN9.10/C-RE9.10,http://guidance.cdp.net/en/guidance?ctype=ExternalRef&idtype=RecordExternalRef&cid=C-CN9.10/C-RE9.10&otype=ORS&incchild=1&microsite=1&gettags=1,C-CN9.10_C-RE9.10
C-CN9.10a/C-RE9.10a,http://guidance.cdp.net/en/guidance?ctype=ExternalRef&idtype=RecordExternalRef&cid=C-CN9.10a/C-RE9.10a&otype=ORS&incchild=1&microsite=1&gettags=1,C-CN9.10a_C-RE9.10a
C-CN9.11/C-RE9.11,http://guidance.cdp.net/en/guidance?ctype=ExternalRef&idtype=RecordExternalRef&cid=C-CN9.11/C-RE9.11&otype=ORS&incchild=1&microsite=1&gettags=1,C-CN9.11_C-RE9.11
C10.1,http://guidance.cdp.net/en/guidance?ctype=ExternalRef&idtype=RecordExternalRef&cid=C10.1&otype=ORS&incchild=1&microsite=1&gettags=1,C10.1
C10.1a,http://guidance.cdp.net/en/guidance?ctype=ExternalRef&idtype=RecordExternalRef&cid=C10.1a&otype=ORS&incchild=1&microsite=1&gettags=1,C10.1a
C10.1b,http://guidance.cdp.net/en/guidance?ctype=ExternalRef&idtype=RecordExternalRef&cid=C10.1b&otype=ORS&incchild=1&microsite=1&gettags=1,C10.1b
C10.1c,http://guidance.cdp.net/en/guidance?ctype=ExternalRef&idtype=RecordExternalRef&cid=C10.1c&otype=ORS&incchild=1&microsite=1&gettags=1,C10.1c
C10.2,http://guidance.cdp.net/en/guidance?ctype=ExternalRef&idtype=RecordExternalRef&cid=C10.2&otype=ORS&incchild=1&microsite=1&gettags=1,C10.2
C10.2a,http://guidance.cdp.net/en/guidance?ctype=ExternalRef&idtype=RecordExternalRef&cid=C10.2a&otype=ORS&incchild=1&microsite=1&gettags=1,C10.2a
C11.1,http://guidance.cdp.net/en/guidance?ctype=ExternalRef&idtype=RecordExternalRef&cid=C11.1&otype=ORS&incchild=1&microsite=1&gettags=1,C11.1
C11.1a,http://guidance.cdp.net/en/guidance?ctype=ExternalRef&idtype=RecordExternalRef&cid=C11.1a&otype=ORS&incchild=1&microsite=1&gettags=1,C11.1a
C11.1b,http://guidance.cdp.net/en/guidance?ctype=ExternalRef&idtype=RecordExternalRef&cid=C11.1b&otype=ORS&incchild=1&microsite=1&gettags=1,C11.1b
C11.1c,http://guidance.cdp.net/en/guidance?ctype=ExternalRef&idtype=RecordExternalRef&cid=C11.1c&otype=ORS&incchild=1&microsite=1&gettags=1,C11.1c
C11.1d,http://guidance.cdp.net/en/guidance?ctype=ExternalRef&idtype=RecordExternalRef&cid=C11.1d&otype=ORS&incchild=1&microsite=1&gettags=1,C11.1d
C11.2,http://guidance.cdp.net/en/guidance?ctype=ExternalRef&idtype=RecordExternalRef&cid=C11.2&otype=ORS&incchild=1&microsite=1&gettags=1,C11.2
C11.2a,http://guidance.cdp.net/en/guidance?ctype=ExternalRef&idtype=RecordExternalRef&cid=C11.2a&otype=ORS&incchild=1&microsite=1&gettags=1,C11.2a
C11.3,http://guidance.cdp.net/en/guidance?ctype=ExternalRef&idtype=RecordExternalRef&cid=C11.3&otype=ORS&incchild=1&microsite=1&gettags=1,C11.3
C11.3a,http://guidance.cdp.net/en/guidance?ctype=ExternalRef&idtype=RecordExternalRef&cid=C11.3a&otype=ORS&incchild=1&microsite=1&gettags=1,C11.3a
C12.1,http://guidance.cdp.net/en/guidance?ctype=ExternalRef&idtype=RecordExternalRef&cid=C12.1&otype=ORS&incchild=1&microsite=1&gettags=1,C12.1
C12.1a,http://guidance.cdp.net/en/guidance?ctype=ExternalRef&idtype=RecordExternalRef&cid=C12.1a&otype=ORS&incchild=1&microsite=1&gettags=1,C12.1a
C12.1b,http://guidance.cdp.net/en/guidance?ctype=ExternalRef&idtype=RecordExternalRef&cid=C12.1b&otype=ORS&incchild=1&microsite=1&gettags=1,C12.1b
C-FS12.1b,http://guidance.cdp.net/en/guidance?ctype=ExternalRef&idtype=RecordExternalRef&cid=C-FS12.1b&otype=ORS&incchild=1&microsite=1&gettags=1,C-FS12.1b
C-FS12.1c,http://guidance.cdp.net/en/guidance?ctype=ExternalRef&idtype=RecordExternalRef&cid=C-FS12.1c&otype=ORS&incchild=1&microsite=1&gettags=1,C-FS12.1c
C12.1d,http://guidance.cdp.net/en/guidance?ctype=ExternalRef&idtype=RecordExternalRef&cid=C12.1d&otype=ORS&incchild=1&microsite=1&gettags=1,C12.1d
C12.1e,http://guidance.cdp.net/en/guidance?ctype=ExternalRef&idtype=RecordExternalRef&cid=C12.1e&otype=ORS&incchild=1&microsite=1&gettags=1,C12.1e
C12.2,http://guidance.cdp.net/en/guidance?ctype=ExternalRef&idtype=RecordExternalRef&cid=C12.2&otype=ORS&incchild=1&microsite=1&gettags=1,C12.2
C12.2a,http://guidance.cdp.net/en/guidance?ctype=ExternalRef&idtype=RecordExternalRef&cid=C12.2a&otype=ORS&incchild=1&microsite=1&gettags=1,C12.2a
C-AC12.2/C-FB12.2/C-PF12.2,http://guidance.cdp.net/en/guidance?ctype=ExternalRef&idtype=RecordExternalRef&cid=C-AC12.2/C-FB12.2/C-PF12.2&otype=ORS&incchild=1&microsite=1&gettags=1,C-AC12.2_C-FB12.2_C-PF12.2
C-AC12.2a/C-FB12.2a/C-PF12.2a,http://guidance.cdp.net/en/guidance?ctype=ExternalRef&idtype=RecordExternalRef&cid=C-AC12.2a/C-FB12.2a/C-PF12.2a&otype=ORS&incchild=1&microsite=1&gettags=1,C-AC12.2a_C-FB12.2a_C-PF12.2a
C-AC12.2b/C-FB12.2b/C-PF12.2b,http://guidance.cdp.net/en/guidance?ctype=ExternalRef&idtype=RecordExternalRef&cid=C-AC12.2b/C-FB12.2b/C-PF12.2b&otype=ORS&incchild=1&microsite=1&gettags=1,C-AC12.2b_C-FB12.2b_C-PF12.2b
C-AC12.2c/C-FB12.2c/C-PF12.2c,http://guidance.cdp.net/en/guidance?ctype=ExternalRef&idtype=RecordExternalRef&cid=C-AC12.2c/C-FB12.2c/C-PF12.2c&otype=ORS&incchild=1&microsite=1&gettags=1,C-AC12.2c_C-FB12.2c_C-PF12.2c
C-FS12.2,http://guidance.cdp.net/en/guidance?ctype=ExternalRef&idtype=RecordExternalRef&cid=C-FS12.2&otype=ORS&incchild=1&microsite=1&gettags=1,C-FS12.2
C-FS12.2a,http://guidance.cdp.net/en/guidance?ctype=ExternalRef&idtype=RecordExternalRef&cid=C-FS12.2a&otype=ORS&incchild=1&microsite=1&gettags=1,C-FS12.2a
C12.3,http://guidance.cdp.net/en/guidance?ctype=ExternalRef&idtype=RecordExternalRef&cid=C12.3&otype=ORS&incchild=1&microsite=1&gettags=1,C12.3
C12.3a,http://guidance.cdp.net/en/guidance?ctype=ExternalRef&idtype=RecordExternalRef&cid=C12.3a&otype=ORS&incchild=1&microsite=1&gettags=1,C12.3a
C12.3b,http://guidance.cdp.net/en/guidance?ctype=ExternalRef&idtype=RecordExternalRef&cid=C12.3b&otype=ORS&incchild=1&microsite=1&gettags=1,C12.3b
C12.3c,http://guidance.cdp.net/en/guidance?ctype=ExternalRef&idtype=RecordExternalRef&cid=C12.3c&otype=ORS&incchild=1&microsite=1&gettags=1,C12.3c
C12.4,http://guidance.cdp.net/en/guidance?ctype=ExternalRef&idtype=RecordExternalRef&cid=C12.4&otype=ORS&incchild=1&microsite=1&gettags=1,C12.4
C-FS12.5,http://guidance.cdp.net/en/guidance?ctype=ExternalRef&idtype=RecordExternalRef&cid=C-FS12.5&otype=ORS&incchild=1&microsite=1&gettags=1,C-FS12.5
C-AC13.1/ C-FB13.1/C-PF13.1,http://guidance.cdp.net/en/guidance?ctype=ExternalRef&idtype=RecordExternalRef&cid=C-AC13.1/ C-FB13.1/C-PF13.1&otype=ORS&incchild=1&microsite=1&gettags=1,C-AC13.1_ C-FB13.1_C-PF13.1
C-AC13.1a/ C-FB13.1a / C-PF13.1a,http://guidance.cdp.net/en/guidance?ctype=ExternalRef&idtype=RecordExternalRef&cid=C-AC13.1a/ C-FB13.1a / C-PF13.1a&otype=ORS&incchild=1&microsite=1&gettags=1,C-AC13.1a_ C-FB13.1a _ C-PF13.1a
C-AC13.2/ C-FB13.2 / C-PF13.2,http://guidance.cdp.net/en/guidance?ctype=ExternalRef&idtype=RecordExternalRef&cid=C-AC13.2/ C-FB13.2 / C-PF13.2&otype=ORS&incchild=1&microsite=1&gettags=1,C-AC13.2_ C-FB13.2 _ C-PF13.2
C-AC13.2a/ C-FB13.2a / C-PF13.2a,http://guidance.cdp.net/en/guidance?ctype=ExternalRef&idtype=RecordExternalRef&cid=C-AC13.2a/ C-FB13.2a / C-PF13.2a&otype=ORS&incchild=1&microsite=1&gettags=1,C-AC13.2a_ C-FB13.2a _ C-PF13.2a
C-FS14.0,http://guidance.cdp.net/en/guidance?ctype=ExternalRef&idtype=RecordExternalRef&cid=C-FS14.0&otype=ORS&incchild=1&microsite=1&gettags=1,C-FS14.0
C-FS14.1,http://guidance.cdp.net/en/guidance?ctype=ExternalRef&idtype=RecordExternalRef&cid=C-FS14.1&otype=ORS&incchild=1&microsite=1&gettags=1,C-FS14.1
C-FS14.1a,http://guidance.cdp.net/en/guidance?ctype=ExternalRef&idtype=RecordExternalRef&cid=C-FS14.1a&otype=ORS&incchild=1&microsite=1&gettags=1,C-FS14.1a
C-FS14.1b,http://guidance.cdp.net/en/guidance?ctype=ExternalRef&idtype=RecordExternalRef&cid=C-FS14.1b&otype=ORS&incchild=1&microsite=1&gettags=1,C-FS14.1b
C-FS14.2,http://guidance.cdp.net/en/guidance?ctype=ExternalRef&idtype=RecordExternalRef&cid=C-FS14.2&otype=ORS&incchild=1&microsite=1&gettags=1,C-FS14.2
C-FS14.2a,http://guidance.cdp.net/en/guidance?ctype=ExternalRef&idtype=RecordExternalRef&cid=C-FS14.2a&otype=ORS&incchild=1&microsite=1&gettags=1,C-FS14.2a
C-FS14.2b,http://guidance.cdp.net/en/guidance?ctype=ExternalRef&idtype=RecordExternalRef&cid=C-FS14.2b&otype=ORS&incchild=1&microsite=1&gettags=1,C-FS14.2b
C-FS14.2c,http://guidance.cdp.net/en/guidance?ctype=ExternalRef&idtype=RecordExternalRef&cid=C-FS14.2c&otype=ORS&incchild=1&microsite=1&gettags=1,C-FS14.2c
C-FS14.2d,http://guidance.cdp.net/en/guidance?ctype=ExternalRef&idtype=RecordExternalRef&cid=C-FS14.2d&otype=ORS&incchild=1&microsite=1&gettags=1,C-FS14.2d
C-FS14.3,http://guidance.cdp.net/en/guidance?ctype=ExternalRef&idtype=RecordExternalRef&cid=C-FS14.3&otype=ORS&incchild=1&microsite=1&gettags=1,C-FS14.3
C-FS14.3a,http://guidance.cdp.net/en/guidance?ctype=ExternalRef&idtype=RecordExternalRef&cid=C-FS14.3a&otype=ORS&incchild=1&microsite=1&gettags=1,C-FS14.3a
C15.1,http://guidance.cdp.net/en/guidance?ctype=ExternalRef&idtype=RecordExternalRef&cid=C15.1&otype=ORS&incchild=1&microsite=1&gettags=1,C15.1
C15.2,http://guidance.cdp.net/en/guidance?ctype=ExternalRef&idtype=RecordExternalRef&cid=C15.2&otype=ORS&incchild=1&microsite=1&gettags=1,C15.2
C15.3,http://guidance.cdp.net/en/guidance?ctype=ExternalRef&idtype=RecordExternalRef&cid=C15.3&otype=ORS&incchild=1&microsite=1&gettags=1,C15.3
C15.4,http://guidance.cdp.net/en/guidance?ctype=ExternalRef&idtype=RecordExternalRef&cid=C15.4&otype=ORS&incchild=1&microsite=1&gettags=1,C15.4
C15.5,http://guidance.cdp.net/en/guidance?ctype=ExternalRef&idtype=RecordExternalRef&cid=C15.5&otype=ORS&incchild=1&microsite=1&gettags=1,C15.5
C15.6,http://guidance.cdp.net/en/guidance?ctype=ExternalRef&idtype=RecordExternalRef&cid=C15.6&otype=ORS&incchild=1&microsite=1&gettags=1,C15.6
C-FI,http://guidance.cdp.net/en/guidance?ctype=ExternalRef&idtype=RecordExternalRef&cid=C-FI&otype=ORS&incchild=1&microsite=1&gettags=1,C-FI
C16.1,http://guidance.cdp.net/en/guidance?ctype=ExternalRef&idtype=RecordExternalRef&cid=C16.1&otype=ORS&incchild=1&microsite=1&gettags=1,C16.1
SC0.0,http://guidance.cdp.net/en/guidance?ctype=ExternalRef&idtype=RecordExternalRef&cid=SC0.0&otype=ORS&incchild=1&microsite=1&gettags=1,SC0.0
SC0.1,http://guidance.cdp.net/en/guidance?ctype=ExternalRef&idtype=RecordExternalRef&cid=SC0.1&otype=ORS&incchild=1&microsite=1&gettags=1,SC0.1
SC1.1,http://guidance.cdp.net/en/guidance?ctype=ExternalRef&idtype=RecordExternalRef&cid=SC1.1&otype=ORS&incchild=1&microsite=1&gettags=1,SC1.1
SC1.2,http://guidance.cdp.net/en/guidance?ctype=ExternalRef&idtype=RecordExternalRef&cid=SC1.2&otype=ORS&incchild=1&microsite=1&gettags=1,SC1.2
SC1.3,http://guidance.cdp.net/en/guidance?ctype=ExternalRef&idtype=RecordExternalRef&cid=SC1.3&otype=ORS&incchild=1&microsite=1&gettags=1,SC1.3
SC1.4,http://guidance.cdp.net/en/guidance?ctype=ExternalRef&idtype=RecordExternalRef&cid=SC1.4&otype=ORS&incchild=1&microsite=1&gettags=1,SC1.4
SC1.4a,http://guidance.cdp.net/en/guidance?ctype=ExternalRef&idtype=RecordExternalRef&cid=SC1.4a&otype=ORS&incchild=1&microsite=1&gettags=1,SC1.4a
SC1.4b,http://guidance.cdp.net/en/guidance?ctype=ExternalRef&idtype=RecordExternalRef&cid=SC1.4b&otype=ORS&incchild=1&microsite=1&gettags=1,SC1.4b
SC2.1,http://guidance.cdp.net/en/guidance?ctype=ExternalRef&idtype=RecordExternalRef&cid=SC2.1&otype=ORS&incchild=1&microsite=1&gettags=1,SC2.1
SC2.2,http://guidance.cdp.net/en/guidance?ctype=ExternalRef&idtype=RecordExternalRef&cid=SC2.2&otype=ORS&incchild=1&microsite=1&gettags=1,SC2.2
SC2.2a,http://guidance.cdp.net/en/guidance?ctype=ExternalRef&idtype=RecordExternalRef&cid=SC2.2a&otype=ORS&incchild=1&microsite=1&gettags=1,SC2.2a
SC4.1,http://guidance.cdp.net/en/guidance?ctype=ExternalRef&idtype=RecordExternalRef&cid=SC4.1&otype=ORS&incchild=1&microsite=1&gettags=1,SC4.1
SC4.1a,http://guidance.cdp.net/en/guidance?ctype=ExternalRef&idtype=RecordExternalRef&cid=SC4.1a&otype=ORS&incchild=1&microsite=1&gettags=1,SC4.1a
SC4.2a,http://guidance.cdp.net/en/guidance?ctype=ExternalRef&idtype=RecordExternalRef&cid=SC4.2a&otype=ORS&incchild=1&microsite=1&gettags=1,SC4.2a
SC4.2b,http://guidance.cdp.net/en/guidance?ctype=ExternalRef&idtype=RecordExternalRef&cid=SC4.2b&otype=ORS&incchild=1&microsite=1&gettags=1,SC4.2b
SC4.2c,http://guidance.cdp.net/en/guidance?ctype=ExternalRef&idtype=RecordExternalRef&cid=SC4.2c&otype=ORS&incchild=1&microsite=1&gettags=1,SC4.2c
SC4.2d,http://guidance.cdp.net/en/guidance?ctype=ExternalRef&idtype=RecordExternalRef&cid=SC4.2d&otype=ORS&incchild=1&microsite=1&gettags=1,SC4.2d
SC4.2e,http://guidance.cdp.net/en/guidance?ctype=ExternalRef&idtype=RecordExternalRef&cid=SC4.2e&otype=ORS&incchild=1&microsite=1&gettags=1,SC4.2e
FW-FS1.1,https://guidance.cdp.net/en/guidance?ctype=ExternalRef&idtype=RecordExternalRef&cid=FW-FS1.1&otype=ORS&incchild=1&microsite=1&gettags=1,FW-FS1.1
FW-FS1.1a,https://guidance.cdp.net/en/guidance?ctype=ExternalRef&idtype=RecordExternalRef&cid=FW-FS1.1a&otype=ORS&incchild=1&microsite=1&gettags=1,FW-FS1.1a
FW-FS1.1b,https://guidance.cdp.net/en/guidance?ctype=ExternalRef&idtype=RecordExternalRef&cid=FW-FS1.1b&otype=ORS&incchild=1&microsite=1&gettags=1,FW-FS1.1b
FW-FS1.1c,https://guidance.cdp.net/en/guidance?ctype=ExternalRef&idtype=RecordExternalRef&cid=FW-FS1.1c&otype=ORS&incchild=1&microsite=1&gettags=1,FW-FS1.1c
FW-FS1.2,https://guidance.cdp.net/en/guidance?ctype=ExternalRef&idtype=RecordExternalRef&cid=FW-FS1.2&otype=ORS&incchild=1&microsite=1&gettags=1,FW-FS1.2
FW-FS2.1,https://guidance.cdp.net/en/guidance?ctype=ExternalRef&idtype=RecordExternalRef&cid=FW-FS2.1&otype=ORS&incchild=1&microsite=1&gettags=1,FW-FS2.1
FW-FS2.1a,https://guidance.cdp.net/en/guidance?ctype=ExternalRef&idtype=RecordExternalRef&cid=FW-FS2.1a&otype=ORS&incchild=1&microsite=1&gettags=1,FW-FS2.1a
FW-FS2.2,https://guidance.cdp.net/en/guidance?ctype=ExternalRef&idtype=RecordExternalRef&cid=FW-FS2.2&otype=ORS&incchild=1&microsite=1&gettags=1,FW-FS2.2
FW-FS2.2a,https://guidance.cdp.net/en/guidance?ctype=ExternalRef&idtype=RecordExternalRef&cid=FW-FS2.2a&otype=ORS&incchild=1&microsite=1&gettags=1,FW-FS2.2a
FW-FS2.3,https://guidance.cdp.net/en/guidance?ctype=ExternalRef&idtype=RecordExternalRef&cid=FW-FS2.3&otype=ORS&incchild=1&microsite=1&gettags=1,FW-FS2.3
FW-FS2.3a,https://guidance.cdp.net/en/guidance?ctype=ExternalRef&idtype=RecordExternalRef&cid=FW-FS2.3a&otype=ORS&incchild=1&microsite=1&gettags=1,FW-FS2.3a
FW-FS2.4,https://guidance.cdp.net/en/guidance?ctype=ExternalRef&idtype=RecordExternalRef&cid=FW-FS2.4&otype=ORS&incchild=1&microsite=1&gettags=1,FW-FS2.4
FW-FS2.4a,https://guidance.cdp.net/en/guidance?ctype=ExternalRef&idtype=RecordExternalRef&cid=FW-FS2.4a&otype=ORS&incchild=1&microsite=1&gettags=1,FW-FS2.4a
FW-FS3.1,https://guidance.cdp.net/en/guidance?ctype=ExternalRef&idtype=RecordExternalRef&cid=FW-FS3.1&otype=ORS&incchild=1&microsite=1&gettags=1,FW-FS3.1
FW-FS3.2,https://guidance.cdp.net/en/guidance?ctype=ExternalRef&idtype=RecordExternalRef&cid=FW-FS3.2&otype=ORS&incchild=1&microsite=1&gettags=1,FW-FS3.2
FW-FS3.3,https://guidance.cdp.net/en/guidance?ctype=ExternalRef&idtype=RecordExternalRef&cid=FW-FS3.3&otype=ORS&incchild=1&microsite=1&gettags=1,FW-FS3.3
FW-FS3.3a,https://guidance.cdp.net/en/guidance?ctype=ExternalRef&idtype=RecordExternalRef&cid=FW-FS3.3a&otype=ORS&incchild=1&microsite=1&gettags=1,FW-FS3.3a
FW-FS3.4,https://guidance.cdp.net/en/guidance?ctype=ExternalRef&idtype=RecordExternalRef&cid=FW-FS3.4&otype=ORS&incchild=1&microsite=1&gettags=1,FW-FS3.4
FW-FS3.4a,https://guidance.cdp.net/en/guidance?ctype=ExternalRef&idtype=RecordExternalRef&cid=FW-FS3.4a&otype=ORS&incchild=1&microsite=1&gettags=1,FW-FS3.4a
FW-FS3.5,https://guidance.cdp.net/en/guidance?ctype=ExternalRef&idtype=RecordExternalRef&cid=FW-FS3.5&otype=ORS&incchild=1&microsite=1&gettags=1,FW-FS3.5
FW-FS4.1,https://guidance.cdp.net/en/guidance?ctype=ExternalRef&idtype=RecordExternalRef&cid=FW-FS4.1&otype=ORS&incchild=1&microsite=1&gettags=1,FW-FS4.1
FW-FS4.1a,https://guidance.cdp.net/en/guidance?ctype=ExternalRef&idtype=RecordExternalRef&cid=FW-FS4.1a&otype=ORS&incchild=1&microsite=1&gettags=1,FW-FS4.1a
FW-FS4.1b,https://guidance.cdp.net/en/guidance?ctype=ExternalRef&idtype=RecordExternalRef&cid=FW-FS4.1b&otype=ORS&incchild=1&microsite=1&gettags=1,FW-FS4.1b
FW-FS4.2,https://guidance.cdp.net/en/guidance?ctype=ExternalRef&idtype=RecordExternalRef&cid=FW-FS4.2&otype=ORS&incchild=1&microsite=1&gettags=1,FW-FS4.2
FW-FS4.3,https://guidance.cdp.net/en/guidance?ctype=ExternalRef&idtype=RecordExternalRef&cid=FW-FS4.3&otype=ORS&incchild=1&microsite=1&gettags=1,FW-FS4.3
FW-FS4.3a,https://guidance.cdp.net/en/guidance?ctype=ExternalRef&idtype=RecordExternalRef&cid=FW-FS4.3a&otype=ORS&incchild=1&microsite=1&gettags=1,FW-FS4.3a
FW-FS4.4,https://guidance.cdp.net/en/guidance?ctype=ExternalRef&idtype=RecordExternalRef&cid=FW-FS4.4&otype=ORS&incchild=1&microsite=1&gettags=1,FW-FS4.4
FW-FS4.4a,https://guidance.cdp.net/en/guidance?ctype=ExternalRef&idtype=RecordExternalRef&cid=FW-FS4.4a&otype=ORS&incchild=1&microsite=1&gettags=1,FW-FS4.4a
FW-FS5.1,https://guidance.cdp.net/en/guidance?ctype=ExternalRef&idtype=RecordExternalRef&cid=FW-FS5.1&otype=ORS&incchild=1&microsite=1&gettags=1,FW-FS5.1
FW-FS5.2,https://guidance.cdp.net/en/guidance?ctype=ExternalRef&idtype=RecordExternalRef&cid=FW-FS5.2&otype=ORS&incchild=1&microsite=1&gettags=1,FW-FS5.2
FW-FS5.2a,https://guidance.cdp.net/en/guidance?ctype=ExternalRef&idtype=RecordExternalRef&cid=FW-FS5.2a&otype=ORS&incchild=1&microsite=1&gettags=1,FW-FS5.2a
FW-FS5.2b,https://guidance.cdp.net/en/guidance?ctype=ExternalRef&idtype=RecordExternalRef&cid=FW-FS5.2b&otype=ORS&incchild=1&microsite=1&gettags=1,FW-FS5.2b
FW-FS6.1,https://guidance.cdp.net/en/guidance?ctype=ExternalRef&idtype=RecordExternalRef&cid=FW-FS6.1&otype=ORS&incchild=1&microsite=1&gettags=1,FW-FS6.1
